form	opens	bent	reading
кит	нет	киты	чтений 2: понятие:кит///:он ?plural(plural-of-noun)[киты] + свойство:кит/киты/кита/кито:он — различить: «понятие» — подлежащее или сказуемое через тире «свойство» — сказуемое без тире
человек	нет	человеки	чтений 2: понятие:человек///:он ?plural(plural-of-noun)[человеки] + свойство:человек/человеки/человека/человеко:он — различить: «понятие» — подлежащее или сказуемое через тире «свойство» — сказуемое без тире
грек	нет	греки	чтений 2: понятие:грек///:он ?plural(plural-of-noun)[греки] + свойство:грек/греки/грека/греко:он — различить: «понятие» — подлежащее или сказуемое через тире «свойство» — сказуемое без тире
кролик	нет	кролики	чтений 2: понятие:кролик///:он ?plural(plural-of-noun)[кролики] + свойство:кролик/кролики/кролика/кролико:он — различить: «понятие» — подлежащее или сказуемое через тире «свойство» — сказуемое без тире
кашалот	нет	кашалоты	чтений 2: понятие:кашалот///:он ?plural(plural-of-noun)[кашалоты] + свойство:кашалот/кашалоты/кашалота/кашалото:он — различить: «понятие» — подлежащее или сказуемое через тире «свойство» — сказуемое без тире
питомец	нет	питомцы	чтений 2: понятие:питомец///:он ?plural(plural-of-noun)[питомецы] + свойство:питомец/питомецы/питомеца/питомецо:он — различить: «понятие» — подлежащее или сказуемое через тире «свойство» — сказуемое без тире
стол	нет	столы	чтений 2: понятие:стол///:он ?plural(plural-of-noun)[столы] + свойство:стол/столы/стола/столо:он — различить: «понятие» — подлежащее или сказуемое через тире «свойство» — сказуемое без тире
слон	нет	слоны	чтений 2: понятие:слон///:он ?plural(plural-of-noun)[слоны] + свойство:слон/слоны/слона/слоно:он — различить: «понятие» — подлежащее или сказуемое через тире «свойство» — сказуемое без тире
рыба	нет	рыбы	чтений 3: понятие:рыба///:она ?plural(plural-of-noun)[рыбы] + понятие:/рыба//: ?singular(singular-of-noun)[рыбо,рыбе] gender(gender-of-plural)[он,она,оно] + свойство:/рыбы/рыба/рыбо:он ?singular(masculine-of-short-form)[рыб] — различить: «понятие» — подлежащее или сказуемое через тире «свойство» — сказуемое без тире
кошка	нет	кошки	чтений 3: понятие:кошка///:она ?plural(plural-of-noun)[кошки] + понятие:/кошка//: ?singular(singular-of-noun)[кошко,кошке] gender(gender-of-plural)[он,она,оно] + свойство:/кошки/кошка/кошко:он ?singular(masculine-of-short-form)[кошк,кошек,кошёк,кошок] — различить: «понятие» — подлежащее или сказуемое через тире «свойство» — сказуемое без тире
женщина	нет	женщины	чтений 3: понятие:женщина///:она ?plural(plural-of-noun)[женщины] + понятие:/женщина//: ?singular(singular-of-noun)[женщино,женщине] gender(gender-of-plural)[он,она,оно] + свойство:/женщины/женщина/женщино:он ?singular(masculine-of-short-form)[женщин] — различить: «понятие» — подлежащее или сказуемое через тире «свойство» — сказуемое без тире
земля	нет	земли	чтений 2: понятие:земля///:она ?plural(plural-of-noun)[земли] + понятие:/земля//: ?singular(singular-of-noun)[земло,земле] gender(gender-of-plural)[он,она,оно] — различить: «понятие» — подлежащее или сказуемое через тире
статья	нет	статьи	чтений 2: понятие:статья///:она ?plural(plural-of-noun)[статьи] + понятие:/статья//: ?singular(singular-of-noun)[статьо,статье] gender(gender-of-plural)[он,она,оно] — различить: «понятие» — подлежащее или сказуемое через тире
окно	нет	окна	чтений 2: понятие:окно///:оно ?plural(plural-of-noun)[окна] + свойство:/окны/окна/окно:он ?singular(masculine-of-short-form)[окн,окен,окён,окон] — различить: «понятие» — подлежащее или сказуемое через тире «свойство» — сказуемое без тире
море	нет	моря	одно чтение: понятие:море///:оно ?plural(plural-of-noun)[моря]
поле	нет	поля	одно чтение: понятие:поле///:оно ?plural(plural-of-noun)[поля]
ружьё	нет	ружья	чтений 2: понятие:ружьё///:оно ?plural(plural-of-noun)[ружья] + свойство:/ружьы/ружьа/ружьо:он ?singular(masculine-of-short-form)[ружь,ружеь,ружёь,ружоь] — различить: «понятие» — подлежащее или сказуемое через тире «свойство» — сказуемое без тире
ночь	нет	ночи	одно чтение: понятие:ночь///: ?plural(plural-of-noun)[ночи] gender(soft-sign)[он,она]
конь	нет	кони	одно чтение: понятие:конь///: ?plural(plural-of-noun)[кони] gender(soft-sign)[он,она]
мышь	нет	мыши	одно чтение: понятие:мышь///: ?plural(plural-of-noun)[мыши] gender(soft-sign)[он,она]
киты	нет	кит	чтений 2: понятие:/киты//: ?singular(singular-of-noun)[кит,кита] gender(gender-of-plural)[он,она,оно] + свойство:/киты/кита/кито:он ?singular(masculine-of-short-form)[кит] — различить: «понятие» — подлежащее или сказуемое через тире «свойство» — сказуемое без тире
люди	нет	человек	чтений 2: понятие:/люди//: ?singular(singular-of-noun)[люд,люда] gender(gender-of-plural)[он,она,оно] + свойство:/люды/люда/людо:он ?singular(masculine-of-short-form)[люд] — различить: «понятие» — подлежащее или сказуемое через тире «свойство» — сказуемое без тире
рыбы	нет	рыба	чтений 2: понятие:/рыбы//: ?singular(singular-of-noun)[рыб,рыба] gender(gender-of-plural)[он,она,оно] + свойство:/рыбы/рыба/рыбо:он ?singular(masculine-of-short-form)[рыб] — различить: «понятие» — подлежащее или сказуемое через тире «свойство» — сказуемое без тире
греки	нет	грек	чтений 2: понятие:/греки//: ?singular(singular-of-noun)[грек,грека] gender(gender-of-plural)[он,она,оно] + свойство:/греки/грека/греко:он ?singular(masculine-of-short-form)[грек] — различить: «понятие» — подлежащее или сказуемое через тире «свойство» — сказуемое без тире
кошки	нет	кошка	чтений 2: понятие:/кошки//: ?singular(singular-of-noun)[кошк,кошка] gender(gender-of-plural)[он,она,оно] + свойство:/кошки/кошка/кошко:он ?singular(masculine-of-short-form)[кошк,кошек,кошёк,кошок] — различить: «понятие» — подлежащее или сказуемое через тире «свойство» — сказуемое без тире
окна	нет	окно	чтений 3: понятие:окна///:она ?plural(plural-of-noun)[окны] + понятие:/окна//: ?singular(singular-of-noun)[окно,окне] gender(gender-of-plural)[он,она,оно] + свойство:/окны/окна/окно:он ?singular(masculine-of-short-form)[окн,окен,окён,окон] — различить: «понятие» — подлежащее или сказуемое через тире «свойство» — сказуемое без тире
моря	нет	море	чтений 2: понятие:моря///:она ?plural(plural-of-noun)[мори] + понятие:/моря//: ?singular(singular-of-noun)[моро,море] gender(gender-of-plural)[он,она,оно] — различить: «понятие» — подлежащее или сказуемое через тире
кенгуру	нет	кенгуры	одно чтение: понятие:кенгуру///: ?plural(indeclinable)[] gender(indeclinable)[он,она,оно]
пальто	нет	пальта	чтений 2: понятие:пальто///:оно ?plural(plural-of-noun)[пальта] + свойство:/пальты/пальта/пальто:он ?singular(masculine-of-short-form)[пальт,пальет,пальёт,пальот] — различить: «понятие» — подлежащее или сказуемое через тире «свойство» — сказуемое без тире
такси	нет	таксо	чтений 2: понятие:/такси//: ?singular(singular-of-noun)[такс,такса] gender(gender-of-plural)[он,она,оно] + свойство:/таксы/такса/таксо:он ?singular(masculine-of-short-form)[такс,такес,такёс,такос] — различить: «понятие» — подлежащее или сказуемое через тире «свойство» — сказуемое без тире
смертен	нет	смертна	чтений 2: понятие:смертен///:он ?plural(plural-of-noun)[смертены] + свойство:смертен///:он ?plural(fugitive-vowel)[смертны,смертены] feminine(fugitive-vowel)[смертна,смертена] neuter(fugitive-vowel)[смертно,смертено] — различить: «понятие» — подлежащее или сказуемое через тире «свойство» — сказуемое без тире
мохнат	нет	мохната	чтений 2: понятие:мохнат///:он ?plural(plural-of-noun)[мохнаты] + свойство:мохнат/мохнаты/мохната/мохнато:он — различить: «понятие» — подлежащее или сказуемое через тире «свойство» — сказуемое без тире
добр	нет	добра	чтений 2: понятие:добр///:он ?plural(plural-of-noun)[добры] + свойство:добр/добры/добра/добро:он — различить: «понятие» — подлежащее или сказуемое через тире «свойство» — сказуемое без тире
умён	нет	умна	чтений 2: понятие:умён///:он ?plural(plural-of-noun)[умёны] + свойство:умён///:он ?plural(fugitive-vowel)[умны,умёны] feminine(fugitive-vowel)[умна,умёна] neuter(fugitive-vowel)[умно,умёно] — различить: «понятие» — подлежащее или сказуемое через тире «свойство» — сказуемое без тире
зелен	нет	зелена	чтений 2: понятие:зелен///:он ?plural(plural-of-noun)[зелены] + свойство:зелен///:он ?plural(fugitive-vowel)[зелны,зелены] feminine(fugitive-vowel)[зелна,зелена] neuter(fugitive-vowel)[зелно,зелено] — различить: «понятие» — подлежащее или сказуемое через тире «свойство» — сказуемое без тире
тих	нет	тиха	чтений 2: понятие:тих///:он ?plural(plural-of-noun)[тихи] + свойство:тих/тихи/тиха/тихо:он — различить: «понятие» — подлежащее или сказуемое через тире «свойство» — сказуемое без тире
свеж	нет	свежа	чтений 2: понятие:свеж///:он ?plural(plural-of-noun)[свежи] + свойство:свеж/свежи/свежа/свежо:он — различить: «понятие» — подлежащее или сказуемое через тире «свойство» — сказуемое без тире
смертна	нет	смертен	чтений 3: понятие:смертна///:она ?plural(plural-of-noun)[смертны] + понятие:/смертна//: ?singular(singular-of-noun)[смертно,смертне] gender(gender-of-plural)[он,она,оно] + свойство:/смертны/смертна/смертно:он ?singular(masculine-of-short-form)[смертн,смертен,смертён,смертон] — различить: «понятие» — подлежащее или сказуемое через тире «свойство» — сказуемое без тире
мохната	нет	мохнат	чтений 3: понятие:мохната///:она ?plural(plural-of-noun)[мохнаты] + понятие:/мохната//: ?singular(singular-of-noun)[мохнато,мохнате] gender(gender-of-plural)[он,она,оно] + свойство:/мохнаты/мохната/мохнато:он ?singular(masculine-of-short-form)[мохнат] — различить: «понятие» — подлежащее или сказуемое через тире «свойство» — сказуемое без тире
добра	нет	добр	чтений 3: понятие:добра///:она ?plural(plural-of-noun)[добры] + понятие:/добра//: ?singular(singular-of-noun)[добро,добре] gender(gender-of-plural)[он,она,оно] + свойство:/добры/добра/добро:он ?singular(masculine-of-short-form)[добр,добер,добёр,добор] — различить: «понятие» — подлежащее или сказуемое через тире «свойство» — сказуемое без тире
умна	нет	умён	чтений 3: понятие:умна///:она ?plural(plural-of-noun)[умны] + понятие:/умна//: ?singular(singular-of-noun)[умно,умне] gender(gender-of-plural)[он,она,оно] + свойство:/умны/умна/умно:он ?singular(masculine-of-short-form)[умн,умен,умён,умон] — различить: «понятие» — подлежащее или сказуемое через тире «свойство» — сказуемое без тире
смертно	нет	смертна	чтений 2: понятие:смертно///:оно ?plural(plural-of-noun)[смертна] + свойство:/смертны/смертна/смертно:он ?singular(masculine-of-short-form)[смертн,смертен,смертён,смертон] — различить: «понятие» — подлежащее или сказуемое через тире «свойство» — сказуемое без тире
мохнато	нет	мохната	чтений 2: понятие:мохнато///:оно ?plural(plural-of-noun)[мохната] + свойство:/мохнаты/мохната/мохнато:он ?singular(masculine-of-short-form)[мохнат] — различить: «понятие» — подлежащее или сказуемое через тире «свойство» — сказуемое без тире
добро	нет	добра	чтений 2: понятие:добро///:оно ?plural(plural-of-noun)[добра] + свойство:/добры/добра/добро:он ?singular(masculine-of-short-form)[добр,добер,добёр,добор] — различить: «понятие» — подлежащее или сказуемое через тире «свойство» — сказуемое без тире
смертны	нет	смертна	чтений 2: понятие:/смертны//: ?singular(singular-of-noun)[смертн,смертна] gender(gender-of-plural)[он,она,оно] + свойство:/смертны/смертна/смертно:он ?singular(masculine-of-short-form)[смертн,смертен,смертён,смертон] — различить: «понятие» — подлежащее или сказуемое через тире «свойство» — сказуемое без тире
мохнаты	нет	мохната	чтений 2: понятие:/мохнаты//: ?singular(singular-of-noun)[мохнат,мохната] gender(gender-of-plural)[он,она,оно] + свойство:/мохнаты/мохната/мохнато:он ?singular(masculine-of-short-form)[мохнат] — различить: «понятие» — подлежащее или сказуемое через тире «свойство» — сказуемое без тире
добры	нет	добра	чтений 2: понятие:/добры//: ?singular(singular-of-noun)[добр,добра] gender(gender-of-plural)[он,она,оно] + свойство:/добры/добра/добро:он ?singular(masculine-of-short-form)[добр,добер,добёр,добор] — различить: «понятие» — подлежащее или сказуемое через тире «свойство» — сказуемое без тире
тихи	нет	тиха	чтений 2: понятие:/тихи//: ?singular(singular-of-noun)[тих,тиха] gender(gender-of-plural)[он,она,оно] + свойство:/тихи/тиха/тихо:он ?singular(masculine-of-short-form)[тих] — различить: «понятие» — подлежащее или сказуемое через тире «свойство» — сказуемое без тире
убит	нет	убита	чтений 2: понятие:убит///:он ?plural(plural-of-noun)[убиты] + свойство:убит/убиты/убита/убито:он — различить: «понятие» — подлежащее или сказуемое через тире «свойство» — сказуемое без тире
убита	нет	убит	чтений 3: понятие:убита///:она ?plural(plural-of-noun)[убиты] + понятие:/убита//: ?singular(singular-of-noun)[убито,убите] gender(gender-of-plural)[он,она,оно] + свойство:/убиты/убита/убито:он ?singular(masculine-of-short-form)[убит] — различить: «понятие» — подлежащее или сказуемое через тире «свойство» — сказуемое без тире
убито	нет	убита	чтений 2: понятие:убито///:оно ?plural(plural-of-noun)[убита] + свойство:/убиты/убита/убито:он ?singular(masculine-of-short-form)[убит] — различить: «понятие» — подлежащее или сказуемое через тире «свойство» — сказуемое без тире
убиты	нет	убита	чтений 2: понятие:/убиты//: ?singular(singular-of-noun)[убит,убита] gender(gender-of-plural)[он,она,оно] + свойство:/убиты/убита/убито:он ?singular(masculine-of-short-form)[убит] — различить: «понятие» — подлежащее или сказуемое через тире «свойство» — сказуемое без тире
сделан	нет	сделана	чтений 2: понятие:сделан///:он ?plural(plural-of-noun)[сделаны] + свойство:сделан/сделаны/сделана/сделано:он — различить: «понятие» — подлежащее или сказуемое через тире «свойство» — сказуемое без тире
сделана	нет	сделан	чтений 3: понятие:сделана///:она ?plural(plural-of-noun)[сделаны] + понятие:/сделана//: ?singular(singular-of-noun)[сделано,сделане] gender(gender-of-plural)[он,она,оно] + свойство:/сделаны/сделана/сделано:он ?singular(masculine-of-short-form)[сделан] — различить: «понятие» — подлежащее или сказуемое через тире «свойство» — сказуемое без тире
прочитан	нет	прочитана	чтений 2: понятие:прочитан///:он ?plural(plural-of-noun)[прочитаны] + свойство:прочитан/прочитаны/прочитана/прочитано:он — различить: «понятие» — подлежащее или сказуемое через тире «свойство» — сказуемое без тире
смертный	нет	смертные	одно чтение: понятие:смертный/смертные//:он
смертные	нет	смертный	одно чтение: понятие:/смертные//: ?singular(singular-of-full-adjective)[смертный,смертной] gender(gender-of-plural)[он,она,оно]
морское	нет	морские	одно чтение: понятие:морское/морские//:оно
морские	нет	морское	чтений 2: понятие:/морские//: ?singular(singular-of-full-adjective)[морский,морской] gender(gender-of-plural)[он,она,оно] + понятие:морские///:оно ?plural(plural-of-noun)[морския] — различить: «понятие» — подлежащее или сказуемое через тире
мохнатый	нет	мохнатые	одно чтение: понятие:мохнатый/мохнатые//:он
большая	нет	большое	одно чтение: понятие:большая/большие//:она
синий	нет	синие	чтений 2: понятие:синий/синие//:он + понятие:синий///:он ?plural(plural-of-noun)[синии] — различить: «понятие» — подлежащее или сказуемое через тире
понятие	нет	понятия	чтений 2: понятие:/понятие//: ?singular(singular-of-full-adjective)[понятый,понятой] gender(gender-of-plural)[он,она,оно] + понятие:понятие///:оно ?plural(plural-of-noun)[понятия] — различить: «понятие» — подлежащее или сказуемое через тире
гений	нет	гении	чтений 2: понятие:гений/гение//:он + понятие:гений///:он ?plural(plural-of-noun)[гении] — различить: «понятие» — подлежащее или сказуемое через тире
Сократ	нет	сократ	чтений 2: понятие:Сократ///:он ?plural(plural-of-noun)[Сократы] + имя:Сократ///:он — различить: «понятие» — подлежащее или сказуемое через тире «имя» — заглавная буква не в начале предложения, и это признак, а не доказательство
Ксантиппа	нет	ксантиппа	чтений 3: понятие:Ксантиппа///:она ?plural(plural-of-noun)[Ксантиппы] + понятие:/Ксантиппа//: ?singular(singular-of-noun)[Ксантиппо,Ксантиппе] gender(gender-of-plural)[он,она,оно] + имя:Ксантиппа///: ?gender(name-in-a)[она,он] — различить: «понятие» — подлежащее или сказуемое через тире «имя» — заглавная буква не в начале предложения, и это признак, а не доказательство
Платон	нет	платон	чтений 2: понятие:Платон///:он ?plural(plural-of-noun)[Платоны] + имя:Платон///:он — различить: «понятие» — подлежащее или сказуемое через тире «имя» — заглавная буква не в начале предложения, и это признак, а не доказательство
Никита	нет	никита	чтений 3: понятие:Никита///:она ?plural(plural-of-noun)[Никиты] + понятие:/Никита//: ?singular(singular-of-noun)[Никито,Никите] gender(gender-of-plural)[он,она,оно] + имя:Никита///: ?gender(name-in-a)[она,он] — различить: «понятие» — подлежащее или сказуемое через тире «имя» — заглавная буква не в начале предложения, и это признак, а не доказательство
Шевченко	нет	шевченко	чтений 2: понятие:Шевченко///:оно ?plural(plural-of-noun)[Шевченка] + имя:Шевченко///: ?gender(indeclinable)[он,она,оно] — различить: «понятие» — подлежащее или сказуемое через тире «имя» — заглавная буква не в начале предложения, и это признак, а не доказательство
Сократ	да	сократ	чтений 3: понятие:Сократ///:он ?plural(plural-of-noun)[Сократы] + свойство:Сократ/Сократы/Сократа/Сократо:он + имя:Сократ///:он — различить: «понятие» — подлежащее или сказуемое через тире «свойство» — сказуемое без тире «имя» — заглавная буква не в начале предложения, и это признак, а не доказательство
Ксантиппа	да	ксантиппа	чтений 4: понятие:Ксантиппа///:она ?plural(plural-of-noun)[Ксантиппы] + понятие:/Ксантиппа//: ?singular(singular-of-noun)[Ксантиппо,Ксантиппе] gender(gender-of-plural)[он,она,оно] + свойство:/Ксантиппы/Ксантиппа/Ксантиппо:он ?singular(masculine-of-short-form)[Ксантипп,Ксантипеп,Ксантипёп,Ксантипоп] + имя:Ксантиппа///: ?gender(name-in-a)[она,он] — различить: «понятие» — подлежащее или сказуемое через тире «свойство» — сказуемое без тире «имя» — заглавная буква не в начале предложения, и это признак, а не доказательство
все	нет	всё	одно чтение: квантор:/все//:
некоторые	нет	некоторой	одно чтение: квантор:/некоторые//:
каждый	нет	каждые	одно чтение: квантор:каждый///:он
каждая	нет	каждые	одно чтение: квантор:каждая///:она
каждое	нет	каждые	одно чтение: квантор:каждое///:оно
всякая	нет	всякие	одно чтение: квантор:всякая///:она
любой	нет	любые	одно чтение: квантор:любой///:он
никакой	нет	никакие	одно чтение: квантор:никакой///:он
ни один	нет	один	одно чтение: квантор:ни один///:он
ни одна	нет	одна	одно чтение: квантор:ни одна///:она
ни одно	нет	одно	одно чтение: квантор:ни одно///:оно
не	нет	нет	одно чтение: отрицание:не///:
