source	record	class
flang/proof/examples/forgery-binder-hides-the-condition.flang	flang/proof/checker/tests/records/corpus/forgery-binder-hides-the-condition.record	program-lies
flang/proof/examples/forgery-if-without-descent.flang	flang/proof/checker/tests/records/corpus/forgery-if-without-descent.record	program-lies
flang/test/fixtures/poddelka-builtin-emptiness-fact.flang	flang/proof/checker/tests/records/corpus/poddelka-builtin-emptiness-fact.record	program-lies
flang/test/fixtures/poddelka-dlina.flang	flang/proof/checker/tests/records/corpus/poddelka-dlina.record	program-lies
flang/test/fixtures/poddelka-dno-proizvedeniya.flang	flang/proof/checker/tests/records/corpus/poddelka-dno-proizvedeniya.record	program-lies
flang/test/fixtures/poddelka-element-po-nomeru.flang	flang/proof/checker/tests/records/corpus/poddelka-element-po-nomeru.record	program-lies
flang/test/fixtures/poddelka-integrality-from-fact.flang	flang/proof/checker/tests/records/corpus/poddelka-integrality-from-fact.record	program-lies
flang/test/fixtures/poddelka-istinnaya-vetv.flang	flang/proof/checker/tests/records/corpus/poddelka-istinnaya-vetv.record	program-lies
flang/test/fixtures/poddelka-konyunkciya.flang	flang/proof/checker/tests/records/corpus/poddelka-konyunkciya.record	program-lies
flang/test/fixtures/poddelka-krug-pri-rabote.flang	flang/proof/checker/tests/records/corpus/poddelka-krug-pri-rabote.record	program-lies
flang/test/fixtures/poddelka-lozhnaya-polovina.flang	flang/proof/checker/tests/records/corpus/poddelka-lozhnaya-polovina.record	program-lies
flang/test/fixtures/poddelka-mera-dliny-stroki.flang	flang/proof/checker/tests/records/corpus/poddelka-mera-dliny-stroki.record	program-lies
flang/test/fixtures/poddelka-nachalo-po-postroeniyu.flang	flang/proof/checker/tests/records/corpus/poddelka-nachalo-po-postroeniyu.record	program-lies
flang/test/fixtures/poddelka-ogovorka-o-konechnosti.flang	flang/proof/checker/tests/records/corpus/poddelka-ogovorka-o-konechnosti.record	program-lies
flang/test/fixtures/poddelka-order-arithmetic.flang	flang/proof/checker/tests/records/corpus/poddelka-order-arithmetic.record	program-lies
flang/test/fixtures/poddelka-porjadok-sosednih.flang	flang/proof/checker/tests/records/corpus/poddelka-porjadok-sosednih.record	program-lies
flang/test/fixtures/poddelka-protivorechie.flang	flang/proof/checker/tests/records/corpus/poddelka-protivorechie.record	program-lies
flang/test/fixtures/poddelka-ravenstvo-v-tele-ne-dokazyvaet.flang	flang/proof/checker/tests/records/corpus/poddelka-ravenstvo-v-tele-ne-dokazyvaet.record	program-lies
flang/test/fixtures/poddelka-razbor-sluchaev.flang	flang/proof/checker/tests/records/corpus/poddelka-razbor-sluchaev.record	program-lies
flang/test/fixtures/poddelka-razbor-spiska.flang	flang/proof/checker/tests/records/corpus/poddelka-razbor-spiska.record	program-lies
flang/test/fixtures/poddelka-razbor-vnutrennim.flang	flang/proof/checker/tests/records/corpus/poddelka-razbor-vnutrennim.record	program-lies
flang/test/fixtures/poddelka-razdvoenie-diz.flang	flang/proof/checker/tests/records/corpus/poddelka-razdvoenie-diz.record	program-lies
flang/test/fixtures/poddelka-refleksivnost.flang	flang/proof/checker/tests/records/corpus/poddelka-refleksivnost.record	program-lies
flang/test/fixtures/poddelka-slova-celey.flang	flang/proof/checker/tests/records/corpus/poddelka-slova-celey.record	program-lies
flang/test/fixtures/poddelka-slovo-o-dokazannosti.flang	flang/proof/checker/tests/records/corpus/poddelka-slovo-o-dokazannosti.record	program-lies
flang/test/fixtures/poddelka-snyatie-storozha.flang	flang/proof/checker/tests/records/corpus/poddelka-snyatie-storozha.record	program-lies
flang/test/fixtures/poddelka-sortirovka-ne-ubyvaet.flang	flang/proof/checker/tests/records/corpus/poddelka-sortirovka-ne-ubyvaet.record	program-lies
flang/test/fixtures/poddelka-strict-order.flang	flang/proof/checker/tests/records/corpus/poddelka-strict-order.record	program-lies
flang/test/fixtures/poddelka-svyortka-nad-pustym.flang	flang/proof/checker/tests/records/corpus/poddelka-svyortka-nad-pustym.record	record-lies
flang/test/fixtures/poddelka-svyortka-shagom.flang	flang/proof/checker/tests/records/corpus/poddelka-svyortka-shagom.record	program-lies
flang/test/fixtures/poddelka-vhozhdenie.flang	flang/proof/checker/tests/records/corpus/poddelka-vhozhdenie.record	program-lies
flang/proof/checker/tests/families/carrier/number-segment.flang	flang/proof/checker/tests/records/corpus/poddelka-nositel-chislo-segment.record	record-lies
flang/proof/checker/tests/families/carrier/alias-not-a-segment.flang	flang/proof/checker/tests/records/corpus/poddelka-nositel-psevdonim-ne-otrezok.record	record-lies
flang/proof/examples/forgery-subtraction-under-precondition.flang	flang/proof/checker/tests/records/corpus/poddelka-raznost-bez-poryadka.record	record-lies
flang/proof/checker/tests/programs/audit-2844/unfold2-itself.flang	flang/proof/checker/tests/records/corpus/poddelka-razv2-sebya.record	record-lies
flang/proof/checker/tests/programs/audit-2844/unfold3-difference.flang	flang/proof/checker/tests/records/corpus/poddelka-razv3-raznost.record	record-lies
flang/proof/probes/syllogism/assumptions/programs/socrates-with-premises-only-in-the-theorem.flang	flang/proof/checker/tests/records/corpus/forgery-hypothesis-outside-the-statement.record	record-lies
flang/proof/probes/syllogism/assumptions/programs/postcondition-with-a-hypothesis-only-in-the-theorem.flang	flang/proof/checker/tests/records/corpus/forgery-hypothesis-outside-the-postcondition.record	record-lies
flang/proof/checker/tests/programs/audit-4791/case-split-under-a-binder.flang	flang/proof/checker/tests/records/corpus/forgery-case-split-captures-a-bound-name.record	record-lies
