c	build-failures	0
c	clang-format	50303
c	clang-format-unparsable	0
c	clang-tidy	356
cpp	build-failures	0
cpp	clang-format	51012
cpp	clang-format-unparsable	0
cpp	clang-tidy	72
go	build-failures	0
go	gofmt	0
go	gofmt-unparsable	0
go	go-vet	0
rust	build-failures	0
rust	rustfmt	6651
rust	rustfmt-unparsable	0
rust	clippy	397
java	build-failures	0
java	javac-lint	0
js	build-failures	0
js	prettier	8100
js	prettier-unparsable	0
ts	build-failures	0
ts	prettier	4614
ts	prettier-unparsable	0
ts	tsc-strict	0
elixir	build-failures	0
elixir	mix-format	1948
elixir	mix-format-unparsable	0
python	build-failures	0
python	black	733
python	black-unparsable	0
python	ruff	7
python	mypy	0
csharp	build-failures	0
csharp	dotnet-format	2404
