program	binary	javascript
honest.flang	доказано 3	доказано 3
removal.flang	ни одного шага	ни одного шага
forgery.flang	не получается из цели утверждения подстановкой	не получается из цели утверждения подстановкой
chain.flang	доказано 5	доказано 5
removal-strict.flang	доказано 2	доказано 2
conditional.flang	доказано ПРИ УСЛОВИИ	доказано ПРИ УСЛОВИИ
restricted-postcondition.flang	ограничение «таких что» постусловия «сдвиг неотрицателен» функции «Сдвиг» на месте вызова не выведено	ограничение «таких что» постусловия «сдвиг неотрицателен» функции «Сдвиг» на месте вызова не выведено
restricted-postcondition-by-call.flang	доказано 1 (из них без теоремы 1), сетка 1	доказано 1 (из них без теоремы 1), сетка 1
restricted-postcondition-discharged.flang	доказано 2	доказано 2
