record	source	sha256
flang/proof/checker/tests/records/9986/variant-not-from-the-source-base.record	flang/proof/examples/body-forms.flang	9894e1ab3699984a46d165a388675c8ee977daee08e6851d7d3396386c9dad99
flang/proof/checker/tests/records/9986/variant-not-from-the-source-step.record	flang/proof/examples/body-forms.flang	9894e1ab3699984a46d165a388675c8ee977daee08e6851d7d3396386c9dad99
flang/proof/checker/tests/records/case-split-segment/00-untouched.record	flang/proof/checker/tests/records/case-split-segment/00-untouched.flang	ad84fcaedb5d8475450c7be81140ad541251261fe3a0a21ab46824954dc8c9f4
flang/proof/checker/tests/records/case-split-segment/01-bottom-lies.record	flang/proof/checker/tests/records/case-split-segment/01-bottom-lies.flang	13a947138a37bdcbd99f6ebe94a5d1c7dae8aa7dae79367682247868d6bbd364
flang/proof/checker/tests/records/case-split-segment/02-no-descent.record	flang/proof/checker/tests/records/case-split-segment/02-no-descent.flang	e97202a994a50c40465aacbde26fdbe218742bf683594deced303d530a8fb860
flang/proof/checker/tests/records/case-split-segment/03-summand-minus.record	flang/proof/checker/tests/records/case-split-segment/03-summand-minus.flang	f515cb1b324a8459986138c39ff192102930464b1f4d82ab21838795dd94253c
flang/proof/checker/tests/records/case-split-segment/04-form-unknown.record	flang/proof/checker/tests/records/case-split-segment/04-form-unknown.flang	990b29eac5f2510da7f48b4c1fbdc4f827dad46a909b5795a72874515139fc9f
flang/proof/checker/tests/records/case-split-segment/05-branches-swapped.record	flang/proof/checker/tests/records/case-split-segment/05-branches-swapped.flang	76d4502bc55fec76799c3fb18400464e898589d66402252d5df838f96917d59d
flang/proof/checker/tests/records/case-split-segment/06-foreign-summand.record	flang/proof/checker/tests/records/case-split-segment/06-foreign-summand.flang	b9f39bdce0f7900badaedaf823f896e3e8fa3256fe5f6c0020e6e8ae76bd8c24
flang/proof/checker/tests/records/goal-split-by-condition/00-untouched.record	flang/proof/checker/tests/records/goal-split-by-condition/00-untouched.flang	fd98c2ccfd45da36b96e950d077d17bddc839d7c652e668b930b3a1b01695164
flang/proof/checker/tests/records/goal-split-by-condition/p1-order-instead-of-equality.record	flang/proof/checker/tests/records/goal-split-by-condition/p1-order-instead-of-equality.flang	2adcdb1a08157217d9bcd964b9d23518554d0c262d5840cf94e1c8b57b283dc4
flang/proof/checker/tests/records/goal-split-by-condition/p2-goal-guard-misses-the-body.record	flang/proof/checker/tests/records/goal-split-by-condition/p2-goal-guard-misses-the-body.flang	88406b9c1ae60d1498eec3d0554de69bde619a818c6a0fd6fb7f50a24d3fcba7
flang/proof/checker/tests/records/goal-split-by-condition/p3-let-binds-a-foreign-name.record	flang/proof/checker/tests/records/goal-split-by-condition/p3-let-binds-a-foreign-name.flang	149b7c65239a9e0890476f32c75b8c6fd679032a2b0dd698e262fc9bb5bfa43e
flang/proof/checker/tests/records/goal-split-by-condition/p4-binder-left-in-place.record	flang/proof/checker/tests/records/goal-split-by-condition/p4-binder-left-in-place.flang	1fc13631912762b466083798cb3846fb848b9f6a057b44070770334fc643feb2
flang/proof/checker/tests/records/goal-split-by-condition/p5-law-outside-the-closed-list.record	flang/proof/checker/tests/records/goal-split-by-condition/p5-law-outside-the-closed-list.flang	43d2b7a49f7f763e02497eb6a1d43b91721d0791777da0e0707dd21f24ce5f91
flang/proof/checker/tests/records/goal-split-by-condition/p6-measure-swapped.record	flang/proof/checker/tests/records/goal-split-by-condition/p6-measure-swapped.flang	8b8894c56bf030fb45cf2c6795cb31647d9300caf446d7658c993eac04cbd5a1
flang/proof/checker/tests/records/goal-split-by-condition/p7-branching-limit.record	flang/proof/checker/tests/records/goal-split-by-condition/p7-branching-limit.flang	70e338d689c2b3a0158f61ad32f32f2261283e0d1e9ea685518bd4396d4bd6a8
flang/proof/checker/tests/records/goal-split-by-condition/p8-replacement-place-foreign.record	flang/proof/checker/tests/records/goal-split-by-condition/p8-replacement-place-foreign.flang	e2c59f8457bdb709e40df63973731e2fe1f203eff904cabf8bd73976fe9fe9ad
flang/proof/checker/tests/records/identity-after-rewrite/p1-goal-not-an-equality.record	flang/proof/checker/tests/records/identity-after-rewrite/p1-goal-not-an-equality.flang	82073edf29e18dd2d3a734af12849812fa41f3be32199137a13974f2e8f302e3
flang/proof/checker/tests/records/identity-after-rewrite/p10-e2-yields-a-foreign-element.record	flang/proof/checker/tests/records/identity-after-rewrite/p10-e2-yields-a-foreign-element.flang	33335d2c9c474be12464d7bada79c4172260a8e89c54a5debf98eaf0245aff74
flang/proof/checker/tests/records/identity-after-rewrite/p2-body-misses-the-goal.record	flang/proof/checker/tests/records/identity-after-rewrite/p2-body-misses-the-goal.flang	d1477cf2d30ddffc85961b1d1c4438c80b6b2a6248f88d04fc03dbcc11a90ce8
flang/proof/checker/tests/records/identity-after-rewrite/p3-associativity-instead-of-the-door.record	flang/proof/checker/tests/records/identity-after-rewrite/p3-associativity-instead-of-the-door.flang	adbf9c297bae2b6f7a835ec5d2433ddf35dc18a14627a7087be4ac94484c7458
flang/proof/checker/tests/records/identity-after-rewrite/p4-swap-through-the-node.record	flang/proof/checker/tests/records/identity-after-rewrite/p4-swap-through-the-node.flang	b4e1c257139003b9ee8a3033a10b4abbe0cb740b015f386b9d495c095014f508
flang/proof/checker/tests/records/identity-after-rewrite/p5-body-not-on-one-line.record	flang/proof/checker/tests/records/identity-after-rewrite/p5-body-not-on-one-line.flang	ce68cd10bad4729d3f4a0fe2f710a78a49ae0be4986b1551cb4763d7085185bb
flang/proof/checker/tests/records/identity-after-rewrite/p6-law-outside-the-closed-list.record	flang/proof/checker/tests/records/identity-after-rewrite/p6-law-outside-the-closed-list.flang	78416cebaf90052caaae0890a720646e826954fc9224072ed1d22e0bd325e189
flang/proof/checker/tests/records/identity-after-rewrite/p7-closed-lie-without-requires.record	flang/proof/checker/tests/records/identity-after-rewrite/p7-closed-lie-without-requires.flang	8e9f4c64a87d10c01a593fdf9812de545d1423c2f7c257ad06e1bcd349fe5451
flang/proof/checker/tests/records/identity-after-rewrite/p8-the-same-lie-under-an-assumption.record	flang/proof/checker/tests/records/identity-after-rewrite/p8-the-same-lie-under-an-assumption.flang	def4ca0f62980e8958e6259f44cb5d5e2f0d70795fe54136010b592421b1948a
flang/proof/checker/tests/records/identity-after-rewrite/p9-index-outside-the-list-bounds.record	flang/proof/checker/tests/records/identity-after-rewrite/p9-index-outside-the-list-bounds.flang	7053be9a6286b4341fa463d270c0e0fbc0f1fabc2455ae4a461636807be0cd3a
flang/proof/checker/tests/records/justification-in-a-note/intermediate-step-by-note.record	flang/proof/checker/tests/programs/intermediate-step-by-note.flang	1d1e7d08d3f3e55600d888b8dbfcf932130f7c7bc8da61269a16d071c96568fb
flang/proof/checker/tests/records/kernel/kernel.record	flang/proof/examples/stack.flang	98d7e4eb33a738db1ff257babed6eea0b09f3ce5082ef467169d508b051cf414
flang/proof/checker/tests/records/note-instead-of-postcondition/note-instead-of-postcondition.record	flang/proof/checker/tests/programs/note-instead-of-postcondition.flang	dd916f7bf8e9733745b891258d5734049bda1a8ba77dbc7aec3451ae201efeb0
flang/proof/checker/tests/records/program-binding/a-without-256.record	flang/proof/checker/tests/programs/lie-collision.flang	68c5ca00b334477fd3d530af9e64462e45d672bd62c95a29077739199d59b3a3
flang/proof/checker/tests/records/program-binding/relative-path.record	flang/proof/examples/corpus-natural.flang	cda6f3cc0df00a2212003fd3fef15cface586179f4b55fdf6ccb584f159e7998
flang/proof/checker/tests/records/proof-of-a-lie/lie-1-verdict.record	flang/proof/checker/tests/programs/lie-difference-pure.flang	f37edf318b7c38647994f2070ea315b51f851c160affa129499326e21da1f15a
flang/proof/checker/tests/records/proof-of-a-lie/lie-2-readdressed.record	flang/proof/examples/corpus-natural.flang	cda6f3cc0df00a2212003fd3fef15cface586179f4b55fdf6ccb584f159e7998
flang/proof/checker/tests/records/proof-of-a-lie/lie-4-theorem.record	flang/proof/examples/corpus-tree.flang	6dbb7022780cc592f97d6407e5e5050960e13f154a3a0cf6cc6bcb15fb36d2a4
flang/proof/checker/tests/records/proof-of-a-lie/lie-8-honest-record-natural.record	flang/proof/examples/corpus-natural.flang	cda6f3cc0df00a2212003fd3fef15cface586179f4b55fdf6ccb584f159e7998
flang/proof/checker/tests/records/record-fields/natural-00-honest.record	flang/proof/examples/corpus-natural.flang	cda6f3cc0df00a2212003fd3fef15cface586179f4b55fdf6ccb584f159e7998
flang/proof/checker/tests/records/record-fields/natural-1-source-line-count.record	flang/proof/examples/corpus-natural.flang	cda6f3cc0df00a2212003fd3fef15cface586179f4b55fdf6ccb584f159e7998
flang/proof/checker/tests/records/record-fields/natural-2-source-character-count.record	flang/proof/examples/corpus-natural.flang	cda6f3cc0df00a2212003fd3fef15cface586179f4b55fdf6ccb584f159e7998
flang/proof/checker/tests/records/record-fields/natural-3-source-digest.record	flang/proof/examples/corpus-natural.flang	cda6f3cc0df00a2212003fd3fef15cface586179f4b55fdf6ccb584f159e7998
flang/proof/checker/tests/records/record-fields/natural-5-statement-count.record	flang/proof/examples/corpus-natural.flang	cda6f3cc0df00a2212003fd3fef15cface586179f4b55fdf6ccb584f159e7998
flang/proof/checker/tests/records/record-fields/natural-6-statement-name.record	flang/proof/examples/corpus-natural.flang	cda6f3cc0df00a2212003fd3fef15cface586179f4b55fdf6ccb584f159e7998
flang/proof/checker/tests/records/record-fields/natural-7-function-name.record	flang/proof/examples/corpus-natural.flang	cda6f3cc0df00a2212003fd3fef15cface586179f4b55fdf6ccb584f159e7998
flang/proof/checker/tests/records/record-fields/natural-8-statement-place.record	flang/proof/examples/corpus-natural.flang	cda6f3cc0df00a2212003fd3fef15cface586179f4b55fdf6ccb584f159e7998
flang/proof/checker/tests/records/record-fields/tree-00-honest.record	flang/proof/examples/corpus-tree.flang	6dbb7022780cc592f97d6407e5e5050960e13f154a3a0cf6cc6bcb15fb36d2a4
flang/proof/checker/tests/records/record-fields/tree-1-source-line-count.record	flang/proof/examples/corpus-tree.flang	6dbb7022780cc592f97d6407e5e5050960e13f154a3a0cf6cc6bcb15fb36d2a4
flang/proof/checker/tests/records/record-fields/tree-10-theorem-place.record	flang/proof/examples/corpus-tree.flang	6dbb7022780cc592f97d6407e5e5050960e13f154a3a0cf6cc6bcb15fb36d2a4
flang/proof/checker/tests/records/record-fields/tree-11-goal-place.record	flang/proof/examples/corpus-tree.flang	6dbb7022780cc592f97d6407e5e5050960e13f154a3a0cf6cc6bcb15fb36d2a4
flang/proof/checker/tests/records/record-fields/tree-12-given-name.record	flang/proof/examples/corpus-tree.flang	6dbb7022780cc592f97d6407e5e5050960e13f154a3a0cf6cc6bcb15fb36d2a4
flang/proof/checker/tests/records/record-fields/tree-13-induction-variable.record	flang/proof/examples/corpus-tree.flang	6dbb7022780cc592f97d6407e5e5050960e13f154a3a0cf6cc6bcb15fb36d2a4
flang/proof/checker/tests/records/record-fields/tree-14-step-justification.record	flang/proof/examples/corpus-tree.flang	6dbb7022780cc592f97d6407e5e5050960e13f154a3a0cf6cc6bcb15fb36d2a4
flang/proof/checker/tests/records/record-fields/tree-15-step-dropped.record	flang/proof/examples/corpus-tree.flang	6dbb7022780cc592f97d6407e5e5050960e13f154a3a0cf6cc6bcb15fb36d2a4
flang/proof/checker/tests/records/record-fields/tree-16-case-step-count.record	flang/proof/examples/corpus-tree.flang	6dbb7022780cc592f97d6407e5e5050960e13f154a3a0cf6cc6bcb15fb36d2a4
flang/proof/checker/tests/records/record-fields/tree-17-premise-step-count.record	flang/proof/examples/corpus-tree.flang	6dbb7022780cc592f97d6407e5e5050960e13f154a3a0cf6cc6bcb15fb36d2a4
flang/proof/checker/tests/records/record-fields/tree-18-premise-variant.record	flang/proof/examples/corpus-tree.flang	6dbb7022780cc592f97d6407e5e5050960e13f154a3a0cf6cc6bcb15fb36d2a4
flang/proof/checker/tests/records/record-fields/tree-19-move-law.record	flang/proof/examples/corpus-tree.flang	6dbb7022780cc592f97d6407e5e5050960e13f154a3a0cf6cc6bcb15fb36d2a4
flang/proof/checker/tests/records/record-fields/tree-2-source-character-count.record	flang/proof/examples/corpus-tree.flang	6dbb7022780cc592f97d6407e5e5050960e13f154a3a0cf6cc6bcb15fb36d2a4
flang/proof/checker/tests/records/record-fields/tree-20-unfolding-place.record	flang/proof/examples/corpus-tree.flang	6dbb7022780cc592f97d6407e5e5050960e13f154a3a0cf6cc6bcb15fb36d2a4
flang/proof/checker/tests/records/record-fields/tree-21-reduction-name.record	flang/proof/examples/corpus-tree.flang	6dbb7022780cc592f97d6407e5e5050960e13f154a3a0cf6cc6bcb15fb36d2a4
flang/proof/checker/tests/records/record-fields/tree-22-principle-type.record	flang/proof/examples/corpus-tree.flang	6dbb7022780cc592f97d6407e5e5050960e13f154a3a0cf6cc6bcb15fb36d2a4
flang/proof/checker/tests/records/record-fields/tree-3-source-digest.record	flang/proof/examples/corpus-tree.flang	6dbb7022780cc592f97d6407e5e5050960e13f154a3a0cf6cc6bcb15fb36d2a4
flang/proof/checker/tests/records/record-fields/tree-5-statement-count.record	flang/proof/examples/corpus-tree.flang	6dbb7022780cc592f97d6407e5e5050960e13f154a3a0cf6cc6bcb15fb36d2a4
flang/proof/checker/tests/records/record-fields/tree-6-statement-name.record	flang/proof/examples/corpus-tree.flang	6dbb7022780cc592f97d6407e5e5050960e13f154a3a0cf6cc6bcb15fb36d2a4
flang/proof/checker/tests/records/record-fields/tree-7-function-name.record	flang/proof/examples/corpus-tree.flang	6dbb7022780cc592f97d6407e5e5050960e13f154a3a0cf6cc6bcb15fb36d2a4
flang/proof/checker/tests/records/record-fields/tree-8-statement-place.record	flang/proof/examples/corpus-tree.flang	6dbb7022780cc592f97d6407e5e5050960e13f154a3a0cf6cc6bcb15fb36d2a4
flang/proof/checker/tests/records/record-fields/tree-9-theorem-name.record	flang/proof/examples/corpus-tree.flang	6dbb7022780cc592f97d6407e5e5050960e13f154a3a0cf6cc6bcb15fb36d2a4
flang/proof/forgeries/by-division.record	flang/proof/forgeries/by-division.flang	be4b1ad1b3fe8cbae7920bbd2e84fb614cb6fcf983164f98f90b50aa06da007e
flang/proof/forgeries/by-identity.record	flang/proof/forgeries/by-identity.flang	d6f1a4eb9babf39b3cade744bfa348b9712bb8994879fbb57fcadaccc5c53f33
flang/proof/forgeries/circle.record	flang/proof/forgeries/circle.flang	308fce0e137b11aff11e20d755df70a581cff8dc5333a0eaf898b12771576d12
flang/proof/forgeries/stack.record	flang/proof/examples/stack.flang	98d7e4eb33a738db1ff257babed6eea0b09f3ce5082ef467169d508b051cf414
