модуль	код	почему
aes	3	долг доказуемости дерева, не беда отчёта: ведомость печатается (135329 байт), код 3 — «объявлено, не доказано» 5. Закроется, когда эти утверждения будут доказаны либо сняты; долю меряет flang/proof/доля-корпуса.sh
datetime	124	не уложился в предел 3600 с на модуль. Свой замер на простое машины: datetime — ответа не дал и за четыре часа, прогон снят. Это не беда отчёта, а цена проверки: закроется, когда ведомость по этому модулю станет дешевле
kdf	1	ведомость не печатается у программы с замечаниями: место указано строкой и столбцом, но без файла: вместе с импортами проверено файлов 5, а диагностика компилятора имени файла не несёт
math-classics	1	задача 8455: сторож «чужой заголовок не признаётся своим» внутри самого компилятора — ведомости не печатается ни строки. Правка лежит в flang/self/proof-record.flang и доедет до двоичного перепечаткой семени; после неё строку убрать
numbers	1	задача 8455: сторож «чужой заголовок не признаётся своим» внутри самого компилятора — ведомости не печатается ни строки. Правка лежит в flang/self/proof-record.flang и доедет до двоичного перепечаткой семени; после неё строку убрать
scram	3	долг доказуемости дерева, не беда отчёта: ведомость печатается (18751 байт), код 3 — «объявлено, не доказано» 2. Закроется, когда эти утверждения будут доказаны либо сняты; долю меряет flang/proof/доля-корпуса.sh
sqlite	3	долг доказуемости дерева, не беда отчёта: ведомость печатается (104930 байт), код 3 — «объявлено, не доказано» 32. Закроется, когда эти утверждения будут доказаны либо сняты; долю меряет flang/proof/доля-корпуса.sh
tls	3	долг доказуемости дерева, не беда отчёта: ведомость печатается (98138 байт), код 3 — «объявлено, не доказано» 10. Закроется, когда эти утверждения будут доказаны либо сняты; долю меряет flang/proof/доля-корпуса.sh
tls-handshake	3	долг доказуемости дерева, не беда отчёта: ведомость печатается (42170 байт), код 3 — «объявлено, не доказано» 4. Закроется, когда эти утверждения будут доказаны либо сняты; долю меряет flang/proof/доля-корпуса.sh
tree	124	не уложился в предел 3600 с на модуль. Свой замер на простое машины: tree — 6466 с до ответа (код 0). Это не беда отчёта, а цена проверки: закроется, когда ведомость по этому модулю станет дешевле
trust-store	3	долг доказуемости дерева, не беда отчёта: ведомость печатается (17967 байт), код 3 — «объявлено, не доказано» 6. Закроется, когда эти утверждения будут доказаны либо сняты; долю меряет flang/proof/доля-корпуса.sh
x25519	3	долг доказуемости дерева, не беда отчёта: ведомость печатается (28238 байт), код 3 — «объявлено, не доказано» 8. Закроется, когда эти утверждения будут доказаны либо сняты; долю меряет flang/proof/доля-корпуса.sh
