# Ведомость известных столкновений типов, суженная сторожем `type-collision-guard.mjs`
# до нуля: девять пар ниже НЕ красят сторож — они уже стояли на дереве в
# коммите, которым семя ПОСЛЕДНИЙ РАЗ успешно перепечаталось.
#
# Довод. Тот же список из девяти имён, теми же файлами и строками, стоял на
# `c15f669f` — коммите, переписавшем все шесть файлов `bootstrap/` печатью
# компилятора. Отпечатки списков «тогда» (`c15f669f`) и «сегодня» (`884e2e42`)
# совпали: sha256 edcdcb43ddb3c89cde36835a3084e17630d0c246e73dd63e3aa526db432a056f.
# То есть печать ПРОШЛА именно при этих девяти столкновениях в плоском,
# невидимостном пространстве типов — они не ломают настоящее связывание
# (`только`/видимость их разводит), и держать их в ведомости честно.
#
# Перепроверено НЕЗАВИСИМО (не со слов): `git worktree add c15f669f`,
# `столкновения.py` там называет 43 файла замыкания (на 884e2e42 — 45, дерево
# выросло), но ТЕ ЖЕ девять имён теми же файлами и строками. Свой отпечаток
# (sha256 отсортированного текста находок, без строки счёта) для c15f669f и для
# 884e2e42 совпадает:
# 185a103cfb790b21e302a410837521ef9a0daa5030b17f3512291e92a9693699
# — двумя разными методами счёта (чужой sha256 выше и этот) получен один и тот
# же факт: список не сдвинулся ни на одно имя.
#
# Сверяется в ОБЕ стороны, как и `hand-written-lists-ledger.tsv`: запись,
# которую в дереве больше не находят, — не отказ, а сообщение «ведомость
# отстала, строку можно убрать» (сторож печатает его, но код не меняет).
# Новое имя, которого здесь нет, — красное: код 1.
#
# Ключ строки — имя ТИПА и пара файлов, БЕЗ строк: строки в ведомости — для
# чтения глазами и происхождения, а не часть сравнения (правки выше по файлу
# двигают номер строки, не делая пару новой). Так же устроен `ключ()` в
# `flang/scripts/link-collision-guard.mjs` (файл долга — без строк).
#
# Снято на стволе 884e2e42, 1 сентября 2026, ячейка Ч309.
#
# имя	файл_1	строка_1	файл_2	строка_2
Обрезка справа	flang/stdlib/strings.flang	683	flang/self/parser.flang	8240
Обрезка слева	flang/stdlib/strings.flang	630	flang/self/emit-rust.flang	515
Документ	flang/core/json.flang	155	flang/self/lsp.flang	1895
Итог	flang/self/emit-c.flang	2279	flang/core/evaluate.flang	55
Проверка	flang/self/totality.flang	264	flang/core/evaluate.flang	61
Ход	flang/self/proof-kernel.flang	256	flang/self/monoid.flang	598
Ход троек	flang/self/monoid.flang	603	flang/self/setoid.flang	1359
Ход квадратов	flang/self/functor.flang	537	flang/self/setoid.flang	1825
Итог примера	flang/core/evaluate.flang	68	flang/self/bootstrap/compiler.flang	1425
