# ЧТО: ведомость заходов побайтовой сверки и перепечатки семени — строка на заход: дата, что (сверка|печать), итог, секунд, пик-ГиБ, байт-вывода, потолок-шагов, откуда; заполняется руками после захода. ЗАЧЕМ: сверка стоит 8 ч 34 мин одного ядра и на каждый пуш в CI не зовётся; без записи следующий не узнает, что она была, и свежесть сверки останется красной при сделанной работе. КТО ЧИТАЕТ: scripts/seed/reprint-freshness.flang (дата последней строки «сверка … дошла»; строки без табуляции, как эта, пропускает); .github/workflows/reprint.yml, scripts/bootstrap-reprint.sh и scripts/seed/seed-freshness.fscript называют файл человеку в подсказках.
дата	что	итог	секунд	пик-ГиБ	байт-вывода	потолок-шагов	откуда
2026-08-22	сверка	дошла	1198	25.1	26180580	1000000000	коммит 6c5d805c
2026-08-23	печать	оборвана-шаги	1456	34.3	0	1000000000	/srv/work/raskrutka-polnaya.log
2026-08-23	печать	снята	6810	80.9	0	40000000000	/srv/work/perepechatka-vysokim.log
2026-08-23	печать	дошла	10737	132.5	33478126	40000000000	/srv/work/perepechatka2.log
2026-08-24	печать	снята	47177	139.3	0	40000000000	/srv/work/semya-chestnaya.log
2026-08-24	печать	оборвана-шаги	10933	216.9	0	4000000000	/srv/work/semya2.log
2026-08-24	печать	дошла	19807	258.9	38934572	12000000000	/srv/work/semya3.log
2026-08-26	печать	оборвана-глубина	0	0	0	20000000000	/srv/work/semya5.log
2026-08-30	печать	дошла	28245	27.7	40784351	1400000000000	/srv/tmp/reprint-4/hod.out (пик — по пульсу печати, не /usr/bin/time)
2026-08-30	печать	дошла	30842	0	38958005	1400000000000	время по меткам файлов /srv/flang-rabota/m-reprint-5, итог — коммит c15f669f; пик не замерен
2026-09-08	сверка	дошла	16895	36.3	39710602	1400000000000	коммит f2945456, /usr/bin/time -v; журнал scratchpad/g6/g6.log
2026-09-17	печать	дошла	36839	34.9	43300122	1400000000000	коммит 68ff03b34, задача 5190; /srv/tmp/dokazuemyy/raskrutka-5190.log; копия wSemya, дерево не правилось
2026-10-04	печать	дошла	4745	51.6	44808469	8000000000000	gpu, /home/u/b-print-0726-print.log; дерево 094aab461 (партия печати 2); пик — по пульсу печати; печатник bootstrap-pechatnyy из семени 0.7.24
2026-10-05	печать	дошла	4955	50.2	44997598	8000000000000	gpu, /home/u/b-print-0727-print.log; дерево 709c2e1ee (партия + точное дробное); печатал bootstrap/flang из семени печати 2; пик — по пульсу
2026-10-05	печать	дошла	4782	50.6	44997607	8000000000000	gpu, /home/u/b-print-0727-print4.log; дерево 6d9840ae4 (партия + дробное с порядком); печатал bootstrap/flang из семени печати 3; пик — по пульсу
2026-10-05	печать	дошла	4899	51.5	44997416	8000000000000	gpu, /home/u/b-print-0727-print5.log; дерево 16122f45a (строки flang/self под 120); печатал bootstrap/flang из семени печати 4, сборка семени внутри; пик — по пульсу
2026-10-07	печать	дошла	5195	52.9	45899214	8000000000000	gpu, /home/u/p26-print1.log; дерево 9c4c266d9 (партия 0.7.26); печатал bootstrap/flang из семени 0.7.25, сборка семени внутри; пик — /usr/bin/time
2026-10-07	печать	оборвана	527	0	0	8000000000000	gpu, /home/u/p26-print2.log (перезаписан); дерево 9c4c266d9; печатал двоичный 0.7.25, ошибочно собранный из устаревших объектов вместо семени печати 1: модули библиотеки не нашлись
2026-10-07	печать	снята	1800	0	0	8000000000000	gpu, /home/u/p26-print2.log; дерево 9c4c266d9; печатал двоичный семени печати 1; снята руками ради правки рантайма JS, около 30 мин
2026-10-07	печать	дошла	4872	52.4	45901238	8000000000000	gpu, /home/u/p26-print2b.log; дерево 1a17aeec3; печатал двоичный семени печати 1 (печатник с обёрткой кеша); пик — /usr/bin/time
2026-10-08	печать	снята	11051	22.7	0	8000000000000	gpu, /home/u/p26-print3.log; дерево 1a17aeec3; печатал двоичный семени печати 2 с FLANG_PROOF_CACHE=on и пустым кешем; за 3 ч 04 мин не прошёл суд ядра по сужениям (шагов 55,7 млрд), кеш на диск не лёг
2026-10-08	печать	дошла	5283	51.7	45901238	8000000000000	gpu, /home/u/p26-print4.log; дерево 1a17aeec3; печатал двоичный семени печати 2 без кеша; побайтово равна печати 2b (7 файлов); пик — /usr/bin/time
