text	code	word
discount-cap.txt	0	ЗАПИСАНО: цель «хочу: скидка не больше 30» доказана ядром обо всех входах
commission-floor.txt	0	ЗАПИСАНО: цель «хочу: комиссия не меньше 10» доказана ядром обо всех входах
quantity-of-several-words.txt	0	ЗАПИСАНО: цель «хочу: скидка на заказ не больше 45» доказана ядром обо всех входах
the-shown-case-does-not-agree.txt	1	НЕ ЗАПИСАНО: «тогда» истории не сходится с её «хочу» — FLANG_EXAMPLE: пример «тогда вход 40 ответ 40» функции «потолок скидки с примером против»: значение не совпало с ожидаемым: ожидалось 40, получено 30
the-role-is-not-declared.txt	1	роль «завсклад» не объявлена: впишите её строкой «Роль: завсклад»
the-quantity-is-not-declared.txt	1	величина «комиссия» не объявлена: впишите её строкой «Величина: комиссия, <ещё форма>»
the-quantity-has-one-form.txt	1	у величины «комиссия» объявлена одна форма: нужны две — «Величина: комиссия, <ещё форма>»
the-want-is-of-no-sample-form.txt	1	желание «скидка маленькая» не переводится в цель: образец — «Хочу <величина> не больше <число>»
the-condition-is-about-another-quantity.txt	1	условие «комиссия не меньше 0» о величине «комиссия», а желание — о «скидка»
the-shown-case-is-in-another-form.txt	1	в примере «комиссии 40 ответ 30» форма величины «комиссии» не та: ждали «скидке»
without-a-name.txt	1	у истории нет имени: впишите его строкой «История: <имя>»
without-a-want.txt	1	у истории нет желания: впишите его строкой «Хочу <величина> не больше <число>»
without-a-purpose.txt	1	у истории нет «зачем»: впишите его строкой «Чтобы <зачем>» или прочерком «Чтобы —»
