# ПРОБЫ СИЛЛОГИЗМА (ADR-0046, задача 5309).
#
# Поля: программа, слово, которое обязано стоять в ответе ДВОИЧНОГО, слово,
# которое обязано стоять в ответе ЗОНДА. Слово, а не код: зонд отвечает строкой,
# а не кодом возврата, и сверять их одной меркой честнее, чем двумя разными.
#
# ── ДВА СТОЛБЦА, И ОБА ОБЯЗАТЕЛЬНЫ ──────────────────────────────────────────
# Слово `следует` живёт в `flang/self/lexer.flang` и
# `flang/self/parser.flang` — в печатаемой части семени. До перепечатки
# (`scripts/raskrutka.sh`, около 11 часов) двоичный его НЕ ЗНАЕТ, и столбец
# «двоичный» ждёт от него ровно отказа разбора. Это замер «до», и он обязан быть
# именно таким: зелёный двоичный на этих программах означал бы, что слово уже
# доехало, а значит замер снят не с той сборки. Столбец «зонд» — замер «после»:
# нынешний двоичный толкует ИСПРАВЛЕННЫЕ исходники компилятора и отвечает так,
# как ответит будущий. Тот же приём и по той же причине, что у
# `flang/proof/пробы-запуска/прогон.sh`.
#
# ── ЧТО СТЕРЕЖЁТ КАЖДАЯ СТРОКА ──────────────────────────────────────────────
# честный   — силлогизм сахарной записью доказывается: три утверждения, все
#             доказаны, шаг закрыт приложением посылки;
# изъятие   — ФАЛЬСИФИКАТОР задачи 5309 в его переписанном виде: та же
#             программа без посылки. Заключение обязано перестать доказываться.
#             Код 0 здесь — задача не сделана;
# подделка  — заключение ВЕРНО («ни один человек не крылат» — правда), но из
#             названной посылки не следует. Отвергнуть его может только правило
#             приложения, и оно обязано это сделать;
# цепочка   — две посылки, вторая с ограничением `таких что`. До правки
#             `flang/self/proofterm.flang` (распаковка `expr`, ADR-0046) ядро
#             отвечало «ограничение «таких что» после подстановки не выведено»;
#             строка стережёт, чтобы оно не вернулось;
# изъятие-жёсткое — ДЫРА, а не проверка, и стоит она здесь нарочно. Снесены и
#             посылка, и вывод; остаётся заключение и предикат со своим
#             постусловием «всякий человек смертен» — и заключение всё равно
#             ДОКАЗАНО, код 0. Значит в этой форме оно от посылки не зависит:
#             посылка и постусловие предиката говорят одно и то же дважды, а
#             ядро берёт постусловие. Строка ходит храповиком: пока она ждёт
#             «доказано», дыра открыта и названа; закроется — ожидание меняется
#             вместе с задачей 5309;
# условный  — цена закрытия той дыры. У предиката снято постусловие, и тогда
#             заключение выводится ТОЛЬКО через посылку (изъятие посылки роняет
#             его), но сама посылка становится «объявлено, не доказано», и весь
#             файл уходит кодом 3 со словами «доказано ПРИ УСЛОВИИ». Выбор между
#             этими двумя строками — не про слово поверхности, и ни один сахар
#             его не снимает.
программа	слово двоичного	слово зонда
честный.flang	не разобрана конструкция: неожиданное 'следует'	доказано 3
изъятие.flang	не разобрана конструкция: неожиданное 'следует'	ни одного шага
подделка.flang	не разобрана конструкция: неожиданное 'следует'	не получается из цели утверждения подстановкой
цепочка.flang	не разобрана конструкция: неожиданное 'следует'	доказано 3
изъятие-жёсткое.flang	ПРОВЕРЕНО САМОСТОЯТЕЛЬНО	доказано 2
условный.flang	не разобрана конструкция: неожиданное 'следует'	доказано ПРИ УСЛОВИИ
