# ИЗВЕСТНЫЕ НАРУШЕНИЯ СОСТОЯТЕЛЬНОСТИ — открытый список, один файл.
# Основание: пункт 11 внешнего аудита — «отдельно публикуй … известные нарушения
# состоятельности». Читает: scripts/four-coverages.sh (третье из четырёх покрытий).
#
# ЗАЧЕМ ФАЙЛ, А НЕ ПРОЗА. Нарушение, названное в прозе одной страницы, живёт ровно
# до следующей правки этой страницы. Здесь строка на нарушение, и прибор печатает
# её ЦЕЛИКОМ рядом с долей корпуса: доля в 100 % и открытое нарушение обязаны
# стоять на одном экране, иначе первое читается как «нарушений нет».
#
# ЧТО СЮДА ВХОДИТ. Место, где ДВЕ независимые проверки говорят разное об одном
# утверждении, либо где успех проверяющего не значит того, что читатель прочтёт.
# Не входит: непокрытость (о ней — покрытие формализации) и открытые задачи вообще.
#
# КОЛОНКИ (разделитель — табуляция, семь полей):
#  1 ключ        короткое имя, единственное в файле
#  2 что         одним предложением: что именно расходится или лжёт
#  3 где         файл или пара файлов, где это живёт
#  4 чем снято   команда, которой число снимается заново; «—», если здесь не снять
#  5 число       сколько мест; «?» — не снято на этой машине, названо, откуда взято
#  6 задача      номер задачи трекера либо «заводится»
#  7 состояние   открыто | закрыто ГГГГ-ММ-ДД
ключ	что	где	чем снято	число	задача	состояние
вердикты-c-lean	РАСХОЖДЕНИЕ БЫЛО И ЗАКРЫТО: приёмка Lean моделировала подстановку доводов ПОСЛЕДОВАТЕЛЬНО, сверщик — РАЗОМ, и на честной записи razv3-kontrol-chestnaya вердикты расходились. В Приёмка.lean заведена одновременная подстановка со свежестью меток, доказанной, а не предположенной; прогон Lean: расхождений 0, перечень 109 из 109 с леммой, ловушек 52 и все 52 отвергнуты.	flang/proof/lean/Приёмка.lean ↔ flang/proof/чекер/сверщик.c	sh flang/proof/lean/прогон.sh (нужен Lean в PATH)	0	2844	закрыто 2026-09-19
правило-вне-ведомости	Правило, которого нет ни в ведомости правил вывода, ни в приёмке Lean: шаг по нему не судит ни второй судья, ни сверка ведомости, и «доказано» по нему ничем не подпёрто.	flang/proof/ПРАВИЛА-ВЫВОДА.tsv ↔ flang/proof/lean/Приёмка.lean	sh flang/proof/сверка-правил.sh	?	заводится	открыто
проверено-впустую	Сверщик отвечает кодом 0 и словом «ПРОВЕРЕНО ВПУСТУЮ» на записи, где доказанным не числится НИЧЕГО. Код успеха и слово «проверено» читаются как «доказано», а проверено в такой записи ноль мест; отличить можно только по тексту вывода, не по коду.	flang/proof/чекер/сверщик.c (строка «ПРОВЕРЕНО ВПУСТУЮ»)	sh flang/proof/доля-корпуса.sh --набор корпус	16	—	открыто
