# ВЕДОМОСТЬ ИМЁН ВСТРОЕННОГО ОТРЕЗКА — один источник для ядра, сверщика и проб.
# Основание: ADR-0026 §2.4 и §5 шаг 1, задача 6203, проект 6203 §3.5. Заведена 2026-09-09.
#
# ЗАЧЕМ ФАЙЛ. Отрезок [0, 2⁵³−1] в подписях зовётся несколькими именами, и это
# знание о ЯЗЫКЕ, а не о программе: читать его из исходника неоткуда, и в обеих
# программах — ядре («Названо натуральным», proof-kernel.flang) и сверщике на C
# (НАТУРАЛЬНОЕ[], flang/proof/чекер/сверщик.c) — список остаётся. До 9 сентября
# 2026 ядро знало шесть имён, сверщик — два, и честный файл с «натуральное»
# уходил на слово ядра (код 3): дубль разошёлся МОЛЧА (проект 6203 §2.4).
# Здесь список объявлен таблицей, а сторож С-5 (`flang/proof/сверка-ведомости.sh`)
# сличает её с ядром и со сверщиком в обе стороны — дубль остаётся, но становится
# громким, как имена правил под сторожем С-1.
#
# ЗАЧЕМ TSV — те же доводы, что у ПРАВИЛА-ВЫВОДА.tsv: строка на имя, читается
# `awk -F'\t'` без двоичного.
#
# ── КОЛОНКИ, ПЯТЬ, РАЗДЕЛИТЕЛЬ — ТАБУЛЯЦИЯ ─────────────────────────────────
#  1 имя        как пишется в подписи `принимает х: имя`; ЕДИНСТВЕННОЕ в таблице
#  2 дно        нижняя граница отрезка, литерал
#  3 потолок    верхняя граница, литерал; равен «Точному потолку» ядра
#               (proof-kernel.flang «Точный потолок») — сторож С-5 сличает
#  4 целость    целое | дробное — обещает ли тип целое значение
#  5 откуда     где имя принимает типизатор либо ядро (файл «функция»)
#
# ЧЕГО ЗДЕСЬ НЕТ. «сотых»/«тысячных» — точная десятичная сетка, не отрезок
# натурального («Названо точным десятичным» ядра); «вес» — дно есть, потолка нет
# ([0, +∞]); «целое» — потолок есть, дна нет. Они стоят закрытыми списками
# дополнений в сверщике (ДНО_СВЕРХ_ОТРЕЗКА, СЕТКА_СВЕРХ_ОТРЕЗКА) и в таблицу
# не входят: таблица — об одном отрезке под шестью именами.
#имя	дно	потолок	целость	откуда
неотрицательное	0	9007199254740991	целое	proof-kernel.flang «Названо натуральным»; types.flang «Потолок точных»
нат	0	9007199254740991	целое	proof-kernel.flang «Названо натуральным» — обрубок «неотрицательное», принят до 1.0, корпус пишет оба
натуральное	0	9007199254740991	целое	proof-kernel.flang «Названо натуральным»
nat	0	9007199254740991	целое	proof-kernel.flang «Названо натуральным»
naturo	0	9007199254740991	целое	proof-kernel.flang «Названо натуральным»
自然数	0	9007199254740991	целое	proof-kernel.flang «Названо натуральным»
